{
 "chain_iptm": [
  0.96,
  0.86,
  0.8,
  0.8
 ],
 "chain_pair_iptm": [
  [
   0.93,
   0.94,
   0.98,
   0.97
  ],
  [
   0.94,
   0.92,
   0.81,
   0.82
  ],
  [
   0.98,
   0.81,
   0.69,
   0.62
  ],
  [
   0.97,
   0.82,
   0.62,
   null
  ]
 ],
 "chain_pair_pae_min": [
  [
   0.76,
   0.91,
   0.81,
   1.08
  ],
  [
   1.0,
   0.76,
   2.09,
   2.09
  ],
  [
   0.83,
   2.27,
   0.76,
   1.34
  ],
  [
   null,
   null,
   null,
   null
  ]
 ],
 "chain_ptm": [
  0.93,
  0.92,
  0.69,
  null
 ],
 "fraction_disordered": 0.0,
 "has_clash": 0.0,
 "iptm": 0.95,
 "num_recycles": 10.0,
 "ptm": 0.94,
 "ranking_score": 0.95
}