{
 "chain_iptm": [
  0.96,
  0.86,
  0.79,
  0.8
 ],
 "chain_pair_iptm": [
  [
   0.93,
   0.94,
   0.98,
   0.97
  ],
  [
   0.94,
   0.92,
   0.8,
   0.82
  ],
  [
   0.98,
   0.8,
   0.68,
   0.59
  ],
  [
   0.97,
   0.82,
   0.59,
   null
  ]
 ],
 "chain_pair_pae_min": [
  [
   0.76,
   0.92,
   0.82,
   1.1
  ],
  [
   0.98,
   0.76,
   2.11,
   2.08
  ],
  [
   0.85,
   2.35,
   0.76,
   1.39
  ],
  [
   null,
   null,
   null,
   null
  ]
 ],
 "chain_ptm": [
  0.93,
  0.92,
  0.68,
  null
 ],
 "fraction_disordered": 0.0,
 "has_clash": 0.0,
 "iptm": 0.95,
 "num_recycles": 10.0,
 "ptm": 0.94,
 "ranking_score": 0.94
}