{
 "chain_iptm": [
  0.97,
  0.86,
  0.8,
  0.8
 ],
 "chain_pair_iptm": [
  [
   0.93,
   0.95,
   0.98,
   0.97
  ],
  [
   0.95,
   0.92,
   0.81,
   0.83
  ],
  [
   0.98,
   0.81,
   0.69,
   0.61
  ],
  [
   0.97,
   0.83,
   0.61,
   null
  ]
 ],
 "chain_pair_pae_min": [
  [
   0.76,
   0.9,
   0.81,
   1.06
  ],
  [
   0.94,
   0.76,
   2.04,
   2.04
  ],
  [
   0.83,
   2.23,
   0.76,
   1.32
  ],
  [
   null,
   null,
   null,
   null
  ]
 ],
 "chain_ptm": [
  0.93,
  0.92,
  0.69,
  null
 ],
 "fraction_disordered": 0.0,
 "has_clash": 0.0,
 "iptm": 0.95,
 "num_recycles": 10.0,
 "ptm": 0.94,
 "ranking_score": 0.95
}